GEO.id,GEO.id2,GEO.display-label,HC03_VC161
Id,Id2,Geography,Percent; PERCENTAGE OF FAMILIES AND PEOPLE WHOSE INCOME IN THE PAST 12 MONTHS IS BELOW THE POVERTY LEVEL - All families
1600000US0600135,600135,"Acalanes Ridge CDP, California",0
1600000US0600156,600156,"Acampo CDP, California",0
1600000US0600212,600212,"Acton CDP, California",2.7
1600000US0600296,600296,"Adelanto city, California",33.8
1600000US0600310,600310,"Adin CDP, California",18.4
1600000US0600394,600394,"Agoura Hills city, California",5.7
1600000US0600450,600450,"Agua Dulce CDP, California",5.9
1600000US0600464,600464,"Aguanga CDP, California",0
1600000US0600478,600478,"Ahwahnee CDP, California",8.8
1600000US0600535,600535,"Airport CDP, California",27.7
1600000US0600562,600562,"Alameda city, California",6.9
1600000US0600618,600618,"Alamo CDP, California",1.3
1600000US0600674,600674,"Albany city, California",7.4
1600000US0600716,600716,"Albion CDP, California",0
1600000US0600786,600786,"Alderpoint CDP, California",0
1600000US0600884,600884,"Alhambra city, California",12.4
1600000US0600898,600898,"Alhambra Valley CDP, California",0
1600000US0600947,600947,"Aliso Viejo city, California",3.5
1600000US0600982,600982,"Alleghany CDP, California",-
1600000US0600996,600996,"Allendale CDP, California",0
1600000US0601010,601010,"Allensworth CDP, California",43
1600000US0601094,601094,"Almanor CDP, California",-
1600000US0601150,601150,"Alondra Park CDP, California",15.4
1600000US0601164,601164,"Alpaugh CDP, California",35.8
1600000US0601192,601192,"Alpine CDP, California",5.3
1600000US0601228,601228,"Alpine Village CDP, California",0
1600000US0601276,601276,"Alta CDP, California",12.1
1600000US0601290,601290,"Altadena CDP, California",7.3
1600000US0601360,601360,"Alta Sierra CDP, California",1.1
1600000US0601416,601416,"Alto CDP, California",0
1600000US0601444,601444,"Alturas city, California",4.2
1600000US0601458,601458,"Alum Rock CDP, California",7.2
1600000US0601514,601514,"Amador City city, California",0
1600000US0601640,601640,"American Canyon city, California",6.9
1600000US0601651,601651,"Amesti CDP, California",10.8
1600000US0602000,602000,"Anaheim city, California",12.9
1600000US0602028,602028,"Anchor Bay CDP, California",0
1600000US0602042,602042,"Anderson city, California",15.1
1600000US0602112,602112,"Angels city, California",12.1
1600000US0602168,602168,"Angwin CDP, California",4.2
1600000US0602210,602210,"Antelope CDP, California",12.1
1600000US0602252,602252,"Antioch city, California",12.2
1600000US0602294,602294,"Anza CDP, California",11.5
1600000US0602364,602364,"Apple Valley town, California",14.8
1600000US0602378,602378,"Aptos CDP, California",2.6
1600000US0602382,602382,"Aptos Hills-Larkin Valley CDP, California",5.5
1600000US0602420,602420,"Arbuckle CDP, California",11.6
1600000US0602462,602462,"Arcadia city, California",7.7
1600000US0602476,602476,"Arcata city, California",15.5
1600000US0602553,602553,"Arden-Arcade CDP, California",17
1600000US0602700,602700,"Armona CDP, California",14.7
1600000US0602770,602770,"Arnold CDP, California",2.7
1600000US0602812,602812,"Aromas CDP, California",6.8
1600000US0602868,602868,"Arroyo Grande city, California",3.5
1600000US0602896,602896,"Artesia city, California",8.3
1600000US0602910,602910,"Artois CDP, California",0
1600000US0602924,602924,"Arvin city, California",26.9
1600000US0602980,602980,"Ashland CDP, California",17.5
1600000US0603026,603026,"Aspen Springs CDP, California",0
1600000US0603064,603064,"Atascadero city, California",5.1
1600000US0603092,603092,"Atherton town, California",2.1
1600000US0603162,603162,"Atwater city, California",19.4
1600000US0603190,603190,"Auberry CDP, California",10.5
1600000US0603204,603204,"Auburn city, California",8.2
1600000US0603205,603205,"Auburn Lake Trails CDP, California",1.3
1600000US0603209,603209,"August CDP, California",33.5
1600000US0603274,603274,"Avalon city, California",12.7
1600000US0603302,603302,"Avenal city, California",34.1
1600000US0603316,603316,"Avery CDP, California",12.5
1600000US0603330,603330,"Avila Beach CDP, California",0
1600000US0603344,603344,"Avocado Heights CDP, California",7.6
1600000US0603386,603386,"Azusa city, California",12
1600000US0603512,603512,"Baker CDP, California",29.2
1600000US0603526,603526,"Bakersfield city, California",15.4
1600000US0603666,603666,"Baldwin Park city, California",12.5
1600000US0603694,603694,"Ballard CDP, California",5.5
1600000US0603708,603708,"Ballico CDP, California",25.3
1600000US0603792,603792,"Bangor CDP, California",3.9
1600000US0603820,603820,"Banning city, California",16.8
1600000US0604030,604030,"Barstow city, California",30.5
1600000US0604198,604198,"Bass Lake CDP, California",0
1600000US0604415,604415,"Bay Point CDP, California",19
1600000US0604470,604470,"Bayview CDP (Contra Costa County), California",0
1600000US0604478,604478,"Bayview CDP (Humboldt County), California",15.1
1600000US0604576,604576,"Beale AFB CDP, California",10.7
1600000US0604632,604632,"Bear Creek CDP, California",0
1600000US0604716,604716,"Bear Valley CDP (Alpine County), California",0
1600000US0604730,604730,"Bear Valley CDP (Mariposa County), California",0
1600000US0604734,604734,"Bear Valley Springs CDP, California",4.6
1600000US0604758,604758,"Beaumont city, California",9
1600000US0604772,604772,"Beckwourth CDP, California",0
1600000US0604856,604856,"Belden CDP, California",-
1600000US0604870,604870,"Bell city, California",22.2
1600000US0604926,604926,"Bella Vista CDP, California",13.5
1600000US0604938,604938,"Bell Canyon CDP, California",4.3
1600000US0604982,604982,"Bellflower city, California",11.3
1600000US0604996,604996,"Bell Gardens city, California",26.3
1600000US0605108,605108,"Belmont city, California",2.5
1600000US0605164,605164,"Belvedere city, California",1.6
1600000US0605262,605262,"Benbow CDP, California",0
1600000US0605276,605276,"Bend CDP, California",21.4
1600000US0605290,605290,"Benicia city, California",6
1600000US0605332,605332,"Ben Lomond CDP, California",4.1
1600000US0605346,605346,"Benton CDP, California",1.4
1600000US0606000,606000,"Berkeley city, California",4.9
1600000US0606028,606028,"Bermuda Dunes CDP, California",13.2
1600000US0606070,606070,"Berry Creek CDP, California",12.7
1600000US0606150,606150,"Bertsch-Oceanview CDP, California",25.3
1600000US0606210,606210,"Bethel Island CDP, California",9.6
1600000US0606308,606308,"Beverly Hills city, California",7.3
1600000US0606336,606336,"Bieber CDP, California",6.3
1600000US0606406,606406,"Big Bear City CDP, California",11.9
1600000US0606434,606434,"Big Bear Lake city, California",12
1600000US0606475,606475,"Big Bend CDP, California",12
1600000US0606518,606518,"Big Creek CDP, California",0
1600000US0606560,606560,"Biggs city, California",15.7
1600000US0606567,606567,"Big Lagoon CDP, California",9.4
1600000US0606616,606616,"Big Pine CDP, California",6.6
1600000US0606635,606635,"Big River CDP, California",17.7
1600000US0606728,606728,"Biola CDP, California",30.9
1600000US0606798,606798,"Bishop city, California",19.2
1600000US0606928,606928,"Blackhawk CDP, California",2.7
1600000US0606935,606935,"Blacklake CDP, California",0
1600000US0606982,606982,"Black Point-Green Point CDP, California",2.3
1600000US0606994,606994,"Blairsden CDP, California",0
1600000US0607036,607036,"Bloomfield CDP, California",0
1600000US0607064,607064,"Bloomington CDP, California",14.3
1600000US0607162,607162,"Blue Lake city, California",9.4
1600000US0607172,607172,"Bluewater CDP, California",8.9
1600000US0607218,607218,"Blythe city, California",24.5
1600000US0607246,607246,"Bodega CDP, California",0
1600000US0607260,607260,"Bodega Bay CDP, California",0
1600000US0607274,607274,"Bodfish CDP, California",15.6
1600000US0607316,607316,"Bolinas CDP, California",11.8
1600000US0607372,607372,"Bombay Beach CDP, California",24.4
1600000US0607379,607379,"Bonadelle Ranchos-Madera Ranchos CDP, California",5.7
1600000US0607414,607414,"Bonita CDP, California",4.4
1600000US0607470,607470,"Bonny Doon CDP, California",4.3
1600000US0607498,607498,"Bonsall CDP, California",3.5
1600000US0607512,607512,"Boonville CDP, California",11
1600000US0607525,607525,"Bootjack CDP, California",13.8
1600000US0607568,607568,"Boron CDP, California",30.1
1600000US0607578,607578,"Boronda CDP, California",20.9
1600000US0607596,607596,"Borrego Springs CDP, California",6.8
1600000US0607624,607624,"Bostonia CDP, California",13
1600000US0607652,607652,"Boulder Creek CDP, California",4.7
1600000US0607694,607694,"Boulevard CDP, California",53.3
1600000US0607750,607750,"Bowles CDP, California",29
1600000US0607848,607848,"Boyes Hot Springs CDP, California",5
1600000US0607946,607946,"Bradbury city, California",5.2
1600000US0607974,607974,"Bradley CDP, California",4.7
1600000US0608058,608058,"Brawley city, California",24.7
1600000US0608100,608100,"Brea city, California",5.1
1600000US0608142,608142,"Brentwood city, California",4.6
1600000US0608172,608172,"Bret Harte CDP, California",35.9
1600000US0608240,608240,"Bridgeport CDP, California",0
1600000US0608310,608310,"Brisbane city, California",1.2
1600000US0608338,608338,"Broadmoor CDP, California",0.8
1600000US0608478,608478,"Brookdale CDP, California",10.2
1600000US0608530,608530,"Brooktrails CDP, California",10.2
1600000US0608680,608680,"Buckhorn CDP, California",10.8
1600000US0608716,608716,"Buck Meadows CDP, California",-
1600000US0608744,608744,"Bucks Lake CDP, California",-
1600000US0608758,608758,"Buellton city, California",1.4
1600000US0608786,608786,"Buena Park city, California",11
1600000US0608828,608828,"Buena Vista CDP, California",24.3
1600000US0608954,608954,"Burbank city, California",7.2
1600000US0608968,608968,"Burbank CDP, California",9.8
1600000US0609066,609066,"Burlingame city, California",4
1600000US0609122,609122,"Burney CDP, California",11.9
1600000US0609150,609150,"Burnt Ranch CDP, California",21.3
1600000US0609310,609310,"Butte Creek Canyon CDP, California",0
1600000US0609318,609318,"Butte Meadows CDP, California",0
1600000US0609324,609324,"Butte Valley CDP, California",0
1600000US0609332,609332,"Buttonwillow CDP, California",33.8
1600000US0609346,609346,"Byron CDP, California",11.7
1600000US0609353,609353,"Bystrom CDP, California",24
1600000US0609360,609360,"Cabazon CDP, California",25.9
1600000US0609598,609598,"Calabasas city, California",6.1
1600000US0609710,609710,"Calexico city, California",22.6
1600000US0609780,609780,"California City city, California",22
1600000US0609822,609822,"California Hot Springs CDP, California",0
1600000US0609834,609834,"California Pines CDP, California",14.1
1600000US0609864,609864,"Calimesa city, California",8.3
1600000US0609878,609878,"Calipatria city, California",31.7
1600000US0609892,609892,"Calistoga city, California",6.3
1600000US0609948,609948,"Callender CDP, California",8.4
1600000US0609990,609990,"Calpella CDP, California",5.5
1600000US0610004,610004,"Calpine CDP, California",0
1600000US0610032,610032,"Calwa CDP, California",17.6
1600000US0610042,610042,"Camanche North Shore CDP, California",0
1600000US0610044,610044,"Camanche Village CDP, California",0
1600000US0610046,610046,"Camarillo city, California",4.6
1600000US0610074,610074,"Cambria CDP, California",5.7
1600000US0610088,610088,"Cambrian Park CDP, California",2
1600000US0610256,610256,"Cameron Park CDP, California",8.3
1600000US0610270,610270,"Camino CDP, California",3.2
1600000US0610301,610301,"Camino Tassajara CDP, California",1.8
1600000US0610345,610345,"Campbell city, California",3.7
1600000US0610494,610494,"Camp Nelson CDP, California",-
1600000US0610508,610508,"Campo CDP, California",15.7
1600000US0610559,610559,"Camp Pendleton North CDP, California",2.4
1600000US0610561,610561,"Camp Pendleton South CDP, California",11.7
1600000US0610676,610676,"Camptonville CDP, California",12.2
1600000US0610732,610732,"Canby CDP, California",0
1600000US0610816,610816,"Cantua Creek CDP, California",0
1600000US0610914,610914,"Canyondam CDP, California",0
1600000US0610928,610928,"Canyon Lake city, California",5.2
1600000US0611040,611040,"Capitola city, California",8.8
1600000US0611166,611166,"Caribou CDP, California",-
1600000US0611194,611194,"Carlsbad city, California",4.8
1600000US0611250,611250,"Carmel-by-the-Sea city, California",3
1600000US0611324,611324,"Carmel Valley Village CDP, California",0
1600000US0611376,611376,"Carmet CDP, California",-
1600000US0611390,611390,"Carmichael CDP, California",10.8
1600000US0611418,611418,"Carnelian Bay CDP, California",8.3
1600000US0611446,611446,"Carpinteria city, California",4.9
1600000US0611481,611481,"Carrick CDP, California",0
1600000US0611530,611530,"Carson city, California",7.7
1600000US0611600,611600,"Cartago CDP, California",-
1600000US0611614,611614,"Caruthers CDP, California",18
1600000US0611656,611656,"Casa Conejo CDP, California",0
1600000US0611691,611691,"Casa de Oro-Mount Helix CDP, California",7
1600000US0611754,611754,"Casmalia CDP, California",0
1600000US0611768,611768,"Caspar CDP, California",0
1600000US0611782,611782,"Cassel CDP, California",26.3
1600000US0611796,611796,"Castaic CDP, California",4.1
1600000US0611915,611915,"Castle Hill CDP, California",0
1600000US0611964,611964,"Castro Valley CDP, California",4.7
1600000US0611978,611978,"Castroville CDP, California",21.5
1600000US0612048,612048,"Cathedral City city, California",16.1
1600000US0612062,612062,"Catheys Valley CDP, California",11.8
1600000US0612132,612132,"Cayucos CDP, California",7.8
1600000US0612146,612146,"Cazadero CDP, California",0
1600000US0612300,612300,"Cedar Ridge CDP, California",6.1
1600000US0612314,612314,"Cedar Slope CDP, California",-
1600000US0612328,612328,"Cedarville CDP, California",10.5
1600000US0612412,612412,"Centerville CDP, California",16.4
1600000US0612524,612524,"Ceres city, California",13.4
1600000US0612552,612552,"Cerritos city, California",3.7
1600000US0612594,612594,"Chalfant CDP, California",0
1600000US0612612,612612,"Challenge-Brownsville CDP, California",0
1600000US0612669,612669,"Channel Islands Beach CDP, California",0
1600000US0612734,612734,"Charter Oak CDP, California",7.8
1600000US0612818,612818,"Cherokee CDP, California",0
1600000US0612860,612860,"Cherokee Strip CDP, California",0
1600000US0612902,612902,"Cherryland CDP, California",17.3
1600000US0612916,612916,"Cherry Valley CDP, California",10.6
1600000US0612930,612930,"Chester CDP, California",5.1
1600000US0613014,613014,"Chico city, California",12.8
1600000US0613077,613077,"Chilcoot-Vinton CDP, California",0
1600000US0613157,613157,"China Lake Acres CDP, California",34.7
1600000US0613182,613182,"Chinese Camp CDP, California",0
1600000US0613210,613210,"Chino city, California",8.7
1600000US0613214,613214,"Chino Hills city, California",5.1
1600000US0613294,613294,"Chowchilla city, California",23.5
1600000US0613364,613364,"Chualar CDP, California",20.9
1600000US0613392,613392,"Chula Vista city, California",10.4
1600000US0613560,613560,"Citrus CDP, California",8.8
1600000US0613588,613588,"Citrus Heights city, California",8.9
1600000US0613756,613756,"Claremont city, California",5.2
1600000US0613784,613784,"Clarksburg CDP, California",0
1600000US0613854,613854,"Clay CDP, California",6.3
1600000US0613882,613882,"Clayton city, California",1.3
1600000US0613910,613910,"Clear Creek CDP, California",11.3
1600000US0613945,613945,"Clearlake city, California",31.7
1600000US0613966,613966,"Clearlake Oaks CDP, California",9.2
1600000US0613985,613985,"Clearlake Riviera CDP, California",11.6
1600000US0614008,614008,"Cleone CDP, California",15.5
1600000US0614106,614106,"Clio CDP, California",0
1600000US0614148,614148,"Clipper Mills CDP, California",0
1600000US0614190,614190,"Cloverdale city, California",5
1600000US0614218,614218,"Clovis city, California",10.2
1600000US0614232,614232,"Clyde CDP, California",9.9
1600000US0614260,614260,"Coachella city, California",24.7
1600000US0614274,614274,"Coalinga city, California",19.9
1600000US0614288,614288,"Coarsegold CDP, California",0
1600000US0614302,614302,"Cobb CDP, California",4.1
1600000US0614406,614406,"Coffee Creek CDP, California",6
1600000US0614442,614442,"Cohasset CDP, California",0
1600000US0614450,614450,"Cold Springs CDP (El Dorado County), California",5.3
1600000US0614454,614454,"Cold Springs CDP (Tuolumne County), California",0
1600000US0614484,614484,"Coleville CDP, California",13.7
1600000US0614498,614498,"Colfax city, California",10.5
1600000US0614554,614554,"College City CDP, California",0
1600000US0614708,614708,"Collierville CDP, California",12.8
1600000US0614736,614736,"Colma town, California",7.3
1600000US0614764,614764,"Coloma CDP, California",0
1600000US0614890,614890,"Colton city, California",14.8
1600000US0614904,614904,"Columbia CDP, California",11.2
1600000US0614946,614946,"Colusa city, California",13.2
1600000US0614974,614974,"Commerce city, California",13.4
1600000US0615030,615030,"Comptche CDP, California",0
1600000US0615044,615044,"Compton city, California",20.2
1600000US0616000,616000,"Concord city, California",7.9
1600000US0616035,616035,"Concow CDP, California",9.7
1600000US0616090,616090,"Contra Costa Centre CDP, California",1.2
1600000US0616210,616210,"Copperopolis CDP, California",6.9
1600000US0616224,616224,"Corcoran city, California",28.6
1600000US0616322,616322,"Corning city, California",24.4
1600000US0616350,616350,"Corona city, California",8.7
1600000US0616378,616378,"Coronado city, California",3.8
1600000US0616420,616420,"Coronita CDP, California",4.4
1600000US0616434,616434,"Corralitos CDP, California",2
1600000US0616462,616462,"Corte Madera town, California",2.1
1600000US0616532,616532,"Costa Mesa city, California",9.4
1600000US0616560,616560,"Cotati city, California",6.5
1600000US0616580,616580,"Coto de Caza CDP, California",4.3
1600000US0616630,616630,"Cottonwood CDP, California",26.5
1600000US0616644,616644,"Coulterville CDP, California",0
1600000US0616651,616651,"Country Club CDP, California",14.6
1600000US0616714,616714,"Courtland CDP, California",0
1600000US0616728,616728,"Covelo CDP, California",33.8
1600000US0616742,616742,"Covina city, California",6.8
1600000US0616762,616762,"Cowan CDP, California",27
1600000US0617022,617022,"Crescent City city, California",35.6
1600000US0617050,617050,"Crescent Mills CDP, California",13.7
1600000US0617078,617078,"Cressey CDP, California",23.8
1600000US0617106,617106,"Crest CDP, California",2.8
1600000US0617162,617162,"Crestline CDP, California",8.1
1600000US0617232,617232,"Creston CDP, California",0
1600000US0617267,617267,"C-Road CDP, California",0
1600000US0617274,617274,"Crockett CDP, California",6.4
1600000US0617288,617288,"Cromberg CDP, California",0
1600000US0617372,617372,"Crowley Lake CDP, California",18.3
1600000US0617428,617428,"Crows Landing CDP, California",24.5
1600000US0617498,617498,"Cudahy city, California",28.7
1600000US0617568,617568,"Culver City city, California",4.8
1600000US0617610,617610,"Cupertino city, California",2.9
1600000US0617708,617708,"Cutler CDP, California",39.7
1600000US0617722,617722,"Cutten CDP, California",7.8
1600000US0617727,617727,"Cuyama CDP, California",0
1600000US0617750,617750,"Cypress city, California",4.3
1600000US0617918,617918,"Daly City city, California",5.7
1600000US0617946,617946,"Dana Point city, California",5.5
1600000US0617988,617988,"Danville town, California",1.8
1600000US0617995,617995,"Daphnedale Park CDP, California",0
1600000US0618030,618030,"Darwin CDP, California",0
1600000US0618086,618086,"Davenport CDP, California",3.3
1600000US0618100,618100,"Davis city, California",5.7
1600000US0618153,618153,"Day Valley CDP, California",5
1600000US0618324,618324,"Deer Park CDP, California",13.8
1600000US0618352,618352,"Del Aire CDP, California",10.5
1600000US0618394,618394,"Delano city, California",23.1
1600000US0618450,618450,"Delft Colony CDP, California",27.6
1600000US0618464,618464,"Delhi CDP, California",20
1600000US0618485,618485,"Delleker CDP, California",0
1600000US0618506,618506,"Del Mar city, California",1.1
1600000US0618590,618590,"Del Monte Forest CDP, California",3.5
1600000US0618674,618674,"Del Rey CDP, California",45.4
1600000US0618688,618688,"Del Rey Oaks city, California",3.1
1600000US0618695,618695,"Del Rio CDP, California",0
1600000US0618856,618856,"Denair CDP, California",17.5
1600000US0618926,618926,"Derby Acres CDP, California",13.9
1600000US0618940,618940,"Descanso CDP, California",10.9
1600000US0618982,618982,"Desert Center CDP, California",0
1600000US0618986,618986,"Desert Edge CDP, California",23.8
1600000US0618996,618996,"Desert Hot Springs city, California",31.9
1600000US0619022,619022,"Desert Palms CDP, California",6.4
1600000US0619024,619024,"Desert Shores CDP, California",19.7
1600000US0619052,619052,"Desert View Highlands CDP, California",7
1600000US0619150,619150,"Diablo CDP, California",0
1600000US0619155,619155,"Diablo Grande CDP, California",0
1600000US0619192,619192,"Diamond Bar city, California",4.7
1600000US0619220,619220,"Diamond Springs CDP, California",6.9
1600000US0619262,619262,"Dillon Beach CDP, California",0
1600000US0619318,619318,"Dinuba city, California",21.8
1600000US0619339,619339,"Discovery Bay CDP, California",4.7
1600000US0619402,619402,"Dixon city, California",10.7
1600000US0619406,619406,"Dixon Lane-Meadow Creek CDP, California",0.7
1600000US0619416,619416,"Dobbins CDP, California",28.1
1600000US0619440,619440,"Dogtown CDP, California",6.7
1600000US0619455,619455,"Dollar Point CDP, California",12.1
1600000US0619570,619570,"Dorrington CDP, California",12
1600000US0619584,619584,"Dorris city, California",32.3
1600000US0619612,619612,"Dos Palos city, California",24.5
1600000US0619654,619654,"Dos Palos Y CDP, California",28.7
1600000US0619724,619724,"Douglas City CDP, California",17.5
1600000US0619766,619766,"Downey city, California",9
1600000US0619794,619794,"Downieville CDP, California",0
1600000US0619878,619878,"Doyle CDP, California",5.1
1600000US0619976,619976,"Drytown CDP, California",0
1600000US0619990,619990,"Duarte city, California",8.1
1600000US0620018,620018,"Dublin city, California",2.4
1600000US0620032,620032,"Ducor CDP, California",44.3
1600000US0620228,620228,"Dunnigan CDP, California",12.4
1600000US0620242,620242,"Dunsmuir city, California",15.7
1600000US0620270,620270,"Durham CDP, California",6.9
1600000US0620284,620284,"Dustin Acres CDP, California",11.8
1600000US0620298,620298,"Dutch Flat CDP, California",0
1600000US0620424,620424,"Eagleville CDP, California",10.5
1600000US0620438,620438,"Earlimart CDP, California",50.8
1600000US0620598,620598,"East Foothills CDP, California",1.5
1600000US0620697,620697,"East Hemet CDP, California",14.3
1600000US0620802,620802,"East Los Angeles CDP, California",20.4
1600000US0620900,620900,"East Nicolaus CDP, California",21.3
1600000US0620907,620907,"East Oakdale CDP, California",1.9
1600000US0620928,620928,"Easton CDP, California",11.7
1600000US0620942,620942,"East Orosi CDP, California",38.1
1600000US0620956,620956,"East Palo Alto city, California",10.5
1600000US0620984,620984,"East Pasadena CDP, California",7.7
1600000US0621012,621012,"East Porterville CDP, California",40.6
1600000US0621026,621026,"East Quincy CDP, California",15.3
1600000US0621034,621034,"East Rancho Dominguez CDP, California",18.5
1600000US0621061,621061,"East Richmond Heights CDP, California",2.3
1600000US0621096,621096,"East San Gabriel CDP, California",8.7
1600000US0621138,621138,"East Shore CDP, California",0
1600000US0621188,621188,"East Sonora CDP, California",5.5
1600000US0621210,621210,"East Tulare Villa CDP, California",10.9
1600000US0621230,621230,"Eastvale city, California",5.7
1600000US0621292,621292,"East Whittier CDP, California",6.5
1600000US0621530,621530,"Edgewood CDP, California",0
1600000US0621558,621558,"Edmundson Acres CDP, California",31.6
1600000US0621565,621565,"Edna CDP, California",14.3
1600000US0621600,621600,"Edwards AFB CDP, California",6.8
1600000US0621712,621712,"El Cajon city, California",19.3
1600000US0621782,621782,"El Centro city, California",20.9
1600000US0621796,621796,"El Cerrito city, California",5.8
1600000US0621810,621810,"El Cerrito CDP, California",3.1
1600000US0621880,621880,"El Dorado Hills CDP, California",3.3
1600000US0621894,621894,"Eldridge CDP, California",5.7
1600000US0621936,621936,"El Granada CDP, California",0
1600000US0621964,621964,"Elizabeth Lake CDP, California",7.6
1600000US0622006,622006,"Elk Creek CDP, California",4.3
1600000US0622020,622020,"Elk Grove city, California",7.1
1600000US0622034,622034,"Elkhorn CDP, California",0
1600000US0622146,622146,"Elmira CDP, California",20
1600000US0622230,622230,"El Monte city, California",19.6
1600000US0622286,622286,"El Nido CDP, California",9.6
1600000US0622300,622300,"El Paso de Robles (Paso Robles) city, California",9.2
1600000US0622328,622328,"El Portal CDP, California",0
1600000US0622360,622360,"El Rancho CDP, California",0
1600000US0622370,622370,"El Rio CDP, California",16.3
1600000US0622412,622412,"El Segundo city, California",5.8
1600000US0622454,622454,"El Sobrante CDP (Contra Costa County), California",8.3
1600000US0622457,622457,"El Sobrante CDP (Riverside County), California",5.4
1600000US0622510,622510,"El Verano CDP, California",0
1600000US0622524,622524,"Elverta CDP, California",7.1
1600000US0622587,622587,"Emerald Lake Hills CDP, California",0
1600000US0622594,622594,"Emeryville city, California",8.2
1600000US0622622,622622,"Empire CDP, California",31.1
1600000US0622678,622678,"Encinitas city, California",4.4
1600000US0622790,622790,"Escalon city, California",6.9
1600000US0622804,622804,"Escondido city, California",12.8
1600000US0622846,622846,"Esparto CDP, California",8.5
1600000US0622972,622972,"Etna city, California",19.6
1600000US0623000,623000,"Eucalyptus Hills CDP, California",4
1600000US0623042,623042,"Eureka city, California",13
1600000US0623126,623126,"Exeter city, California",19.3
1600000US0623150,623150,"Fairbanks Ranch CDP, California",2.3
1600000US0623168,623168,"Fairfax town, California",0.9
1600000US0623182,623182,"Fairfield city, California",8.8
1600000US0623196,623196,"Fairhaven CDP, California",2.3
1600000US0623210,623210,"Fairmead CDP, California",19.2
1600000US0623294,623294,"Fair Oaks CDP, California",5.8
1600000US0623350,623350,"Fairview CDP, California",5.7
1600000US0623462,623462,"Fallbrook CDP, California",12.2
1600000US0623532,623532,"Fall River Mills CDP, California",0
1600000US0623616,623616,"Farmersville city, California",21.7
1600000US0623630,623630,"Farmington CDP, California",0
1600000US0623812,623812,"Fellows CDP, California",0
1600000US0623826,623826,"Felton CDP, California",0
1600000US0623910,623910,"Ferndale city, California",3
1600000US0623973,623973,"Fetters Hot Springs-Agua Caliente CDP, California",18.9
1600000US0623980,623980,"Fiddletown CDP, California",0
1600000US0624008,624008,"Fieldbrook CDP, California",9.4
1600000US0624022,624022,"Fields Landing CDP, California",0
1600000US0624092,624092,"Fillmore city, California",12.4
1600000US0624134,624134,"Firebaugh city, California",25.8
1600000US0624218,624218,"Fish Camp CDP, California",0
1600000US0624477,624477,"Florence-Graham CDP, California",28.3
1600000US0624498,624498,"Florin CDP, California",22.2
1600000US0624526,624526,"Floriston CDP, California",0
1600000US0624568,624568,"Flournoy CDP, California",19.6
1600000US0624638,624638,"Folsom city, California",3.2
1600000US0624680,624680,"Fontana city, California",12.7
1600000US0624722,624722,"Foothill Farms CDP, California",16.9
1600000US0624750,624750,"Forbestown CDP, California",0
1600000US0624764,624764,"Ford City CDP, California",36.9
1600000US0624834,624834,"Foresthill CDP, California",4.2
1600000US0624897,624897,"Forest Meadows CDP, California",0
1600000US0624918,624918,"Forest Ranch CDP, California",0
1600000US0624960,624960,"Forestville CDP, California",3.2
1600000US0625030,625030,"Fort Bidwell CDP, California",44.4
1600000US0625058,625058,"Fort Bragg city, California",15.7
1600000US0625086,625086,"Fort Dick CDP, California",0
1600000US0625114,625114,"Fort Irwin CDP, California",4.5
1600000US0625128,625128,"Fort Jones city, California",19
1600000US0625296,625296,"Fortuna city, California",8.9
1600000US0625300,625300,"Fort Washington CDP, California",0
1600000US0625338,625338,"Foster City city, California",2.7
1600000US0625380,625380,"Fountain Valley city, California",5.6
1600000US0625436,625436,"Fowler city, California",20.5
1600000US0625488,625488,"Franklin CDP (Merced County), California",22.4
1600000US0625506,625506,"Franklin CDP (Sacramento County), California",0
1600000US0625534,625534,"Frazier Park CDP, California",16.6
1600000US0625576,625576,"Freedom CDP, California",19.4
1600000US0625590,625590,"Freeport CDP, California",-
1600000US0626000,626000,"Fremont city, California",3.2
1600000US0626028,626028,"French Camp CDP, California",9.8
1600000US0626056,626056,"French Gulch CDP, California",9
1600000US0626067,626067,"French Valley CDP, California",7.1
1600000US0627000,627000,"Fresno city, California",23.2
1600000US0627014,627014,"Friant CDP, California",10.6
1600000US0627080,627080,"Fruitdale CDP, California",0
1600000US0627130,627130,"Fruitridge Pocket CDP, California",25.5
1600000US0627190,627190,"Fuller Acres CDP, California",34.8
1600000US0628000,628000,"Fullerton city, California",8.8
1600000US0628014,628014,"Fulton CDP, California",35.4
1600000US0628021,628021,"Furnace Creek CDP, California",7.7
1600000US0628112,628112,"Galt city, California",11.1
1600000US0628154,628154,"Garberville CDP, California",17.5
1600000US0628168,628168,"Gardena city, California",12.4
1600000US0628182,628182,"Garden Acres CDP, California",19.2
1600000US0628210,628210,"Garden Farms CDP, California",0
1600000US0629000,629000,"Garden Grove city, California",12.8
1600000US0629070,629070,"Garey CDP, California",0
1600000US0629112,629112,"Garnet CDP, California",25.9
1600000US0629154,629154,"Gasquet CDP, California",21.5
1600000US0629252,629252,"Gazelle CDP, California",0
1600000US0629350,629350,"Georgetown CDP, California",3.1
1600000US0629392,629392,"Gerber CDP, California",36.7
1600000US0629420,629420,"Geyserville CDP, California",11.3
1600000US0629504,629504,"Gilroy city, California",9.3
1600000US0630000,630000,"Glendale city, California",12.2
1600000US0630014,630014,"Glendora city, California",6.6
1600000US0630028,630028,"Glen Ellen CDP, California",0
1600000US0630282,630282,"Golden Hills CDP, California",10.3
1600000US0630339,630339,"Gold Mountain CDP, California",-
1600000US0630345,630345,"Gold River CDP, California",2.7
1600000US0630378,630378,"Goleta city, California",3.8
1600000US0630392,630392,"Gonzales city, California",17.8
1600000US0630410,630410,"Good Hope CDP, California",29.6
1600000US0630420,630420,"Goodyears Bar CDP, California",0
1600000US0630476,630476,"Goshen CDP, California",36.2
1600000US0630560,630560,"Graeagle CDP, California",0
1600000US0630658,630658,"Grand Terrace city, California",7.1
1600000US0630686,630686,"Grangeville CDP, California",11.7
1600000US0630693,630693,"Granite Bay CDP, California",3.5
1600000US0630703,630703,"Granite Hills CDP, California",6.5
1600000US0630714,630714,"Graniteville CDP, California",-
1600000US0630798,630798,"Grass Valley city, California",25.2
1600000US0630812,630812,"Graton CDP, California",2.1
1600000US0630882,630882,"Grayson CDP, California",16.5
1600000US0630900,630900,"Greeley Hill CDP, California",0
1600000US0630938,630938,"Greenacres CDP, California",8.8
1600000US0630944,630944,"Green Acres CDP, California",30.4
1600000US0630987,630987,"Greenfield CDP, California",16.6
1600000US0630994,630994,"Greenfield city, California",16.4
1600000US0631029,631029,"Greenhorn CDP, California",0
1600000US0631092,631092,"Green Valley CDP (Los Angeles County), California",2.3
1600000US0631099,631099,"Green Valley CDP (Solano County), California",0
1600000US0631134,631134,"Greenview CDP, California",12.5
1600000US0631162,631162,"Greenville CDP, California",0
1600000US0631246,631246,"Grenada CDP, California",13.5
1600000US0631260,631260,"Gridley city, California",18.9
1600000US0631288,631288,"Grimes CDP, California",15.2
1600000US0631302,631302,"Grizzly Flats CDP, California",13.3
1600000US0631372,631372,"Groveland CDP, California",32.9
1600000US0631393,631393,"Grover Beach city, California",10.1
1600000US0631414,631414,"Guadalupe city, California",13.1
1600000US0631470,631470,"Guerneville CDP, California",17.5
1600000US0631540,631540,"Guinda CDP, California",31.5
1600000US0631568,631568,"Gustine city, California",14.7
1600000US0631596,631596,"Hacienda Heights CDP, California",6.5
1600000US0631708,631708,"Half Moon Bay city, California",4.7
1600000US0631883,631883,"Hamilton Branch CDP, California",13.4
1600000US0631890,631890,"Hamilton City CDP, California",13.5
1600000US0631960,631960,"Hanford city, California",14.4
1600000US0632030,632030,"Happy Camp CDP, California",23.6
1600000US0632044,632044,"Harbison Canyon CDP, California",4.1
1600000US0632156,632156,"Hardwick CDP, California",52.2
1600000US0632324,632324,"Hartland CDP, California",-
1600000US0632340,632340,"Hartley CDP, California",1.6
1600000US0632385,632385,"Hasley Canyon CDP, California",9
1600000US0632408,632408,"Hat Creek CDP, California",13.6
1600000US0632506,632506,"Hawaiian Gardens city, California",24.7
1600000US0632548,632548,"Hawthorne city, California",13.5
1600000US0632562,632562,"Hayfork CDP, California",13.9
1600000US0633000,633000,"Hayward city, California",8.3
1600000US0633056,633056,"Healdsburg city, California",3.3
1600000US0633084,633084,"Heber CDP, California",15.6
1600000US0633182,633182,"Hemet city, California",19.2
1600000US0633294,633294,"Herald CDP, California",1.7
1600000US0633308,633308,"Hercules city, California",4.3
1600000US0633336,633336,"Herlong CDP, California",0
1600000US0633364,633364,"Hermosa Beach city, California",2.1
1600000US0633434,633434,"Hesperia city, California",17.3
1600000US0633504,633504,"Hickman CDP, California",8.1
1600000US0633518,633518,"Hidden Hills city, California",2.9
1600000US0633532,633532,"Hidden Meadows CDP, California",3.4
1600000US0633549,633549,"Hidden Valley Lake CDP, California",9.6
1600000US0633574,633574,"Highgrove CDP, California",24
1600000US0633588,633588,"Highland city, California",17.3
1600000US0633633,633633,"Highlands-Baywood Park CDP, California",3.1
1600000US0633798,633798,"Hillsborough town, California",2.9
1600000US0633861,633861,"Hilmar-Irwin CDP, California",3
1600000US0633935,633935,"Hiouchi CDP, California",8.3
1600000US0634120,634120,"Hollister city, California",9.1
1600000US0634246,634246,"Holtville city, California",26.9
1600000US0634281,634281,"Home Garden CDP, California",30.5
1600000US0634302,634302,"Home Gardens CDP, California",18.1
1600000US0634316,634316,"Homeland CDP, California",18.7
1600000US0634392,634392,"Homestead Valley CDP, California",28.6
1600000US0634405,634405,"Homewood Canyon CDP, California",0
1600000US0634428,634428,"Honcut CDP, California",48.3
1600000US0634484,634484,"Hood CDP, California",0
1600000US0634540,634540,"Hoopa CDP, California",39.7
1600000US0634652,634652,"Hopland CDP, California",11.7
1600000US0634694,634694,"Hornbrook CDP, California",13.2
1600000US0634708,634708,"Hornitos CDP, California",-
1600000US0634904,634904,"Hughson city, California",14.2
1600000US0634928,634928,"Humboldt Hill CDP, California",4.5
1600000US0636000,636000,"Huntington Beach city, California",5.6
1600000US0636056,636056,"Huntington Park city, California",26.3
1600000US0636084,636084,"Huron city, California",46.1
1600000US0636098,636098,"Hyampom CDP, California",0
1600000US0636126,636126,"Hydesville CDP, California",4.2
1600000US0636168,636168,"Idlewild CDP, California",-
1600000US0636203,636203,"Idyllwild-Pine Cove CDP, California",13.6
1600000US0636280,636280,"Imperial city, California",5.6
1600000US0636294,636294,"Imperial Beach city, California",14
1600000US0636350,636350,"Independence CDP, California",14.8
1600000US0636364,636364,"Indian Falls CDP, California",-
1600000US0636420,636420,"Indianola CDP, California",17.9
1600000US0636434,636434,"Indian Wells city, California",1.5
1600000US0636448,636448,"Indio city, California",13.5
1600000US0636452,636452,"Indio Hills CDP, California",16.5
1600000US0636490,636490,"Industry city, California",9.4
1600000US0636546,636546,"Inglewood city, California",16.7
1600000US0636613,636613,"Interlaken CDP, California",17.9
1600000US0636616,636616,"Inverness CDP, California",4.4
1600000US0636658,636658,"Inyokern CDP, California",20.5
1600000US0636672,636672,"Ione city, California",6
1600000US0636735,636735,"Iron Horse CDP, California",0
1600000US0636770,636770,"Irvine city, California",7.5
1600000US0636826,636826,"Irwindale city, California",5.8
1600000US0636868,636868,"Isla Vista CDP, California",28
1600000US0636882,636882,"Isleton city, California",11.3
1600000US0636910,636910,"Ivanhoe CDP, California",30.5
1600000US0636980,636980,"Jackson city, California",6.7
1600000US0637022,637022,"Jacumba CDP, California",0
1600000US0637106,637106,"Jamestown CDP, California",12.8
1600000US0637120,637120,"Jamul CDP, California",0.3
1600000US0637134,637134,"Janesville CDP, California",10.9
1600000US0637274,637274,"Jenner CDP, California",0
1600000US0637400,637400,"Johannesburg CDP, California",0
1600000US0637484,637484,"Johnstonville CDP, California",7.2
1600000US0637512,637512,"Johnsville CDP, California",-
1600000US0637554,637554,"Joshua Tree CDP, California",14.8
1600000US0637582,637582,"Julian CDP, California",0
1600000US0637596,637596,"Junction City CDP, California",9.9
1600000US0637624,637624,"June Lake CDP, California",0
1600000US0637692,637692,"Jurupa Valley city, California",12.8
1600000US0637904,637904,"Keddie CDP, California",0
1600000US0637918,637918,"Keeler CDP, California",-
1600000US0637946,637946,"Keene CDP, California",16.1
1600000US0638024,638024,"Kelly Ridge CDP, California",10.2
1600000US0638044,638044,"Kelseyville CDP, California",22.5
1600000US0638065,638065,"Kennedy CDP, California",24.5
1600000US0638076,638076,"Kennedy Meadows CDP, California",-
1600000US0638086,638086,"Kensington CDP, California",4.6
1600000US0638114,638114,"Kentfield CDP, California",1.4
1600000US0638156,638156,"Kenwood CDP, California",0
1600000US0638226,638226,"Kerman city, California",20
1600000US0638310,638310,"Kernville CDP, California",0
1600000US0638352,638352,"Keswick CDP, California",16.5
1600000US0638394,638394,"Kettleman City CDP, California",22.6
1600000US0638422,638422,"Keyes CDP, California",26.9
1600000US0638520,638520,"King City city, California",24
1600000US0638548,638548,"Kings Beach CDP, California",11.3
1600000US0638562,638562,"Kingsburg city, California",13.7
1600000US0638604,638604,"Kingvale CDP, California",0
1600000US0638646,638646,"Kirkwood CDP, California",-
1600000US0638702,638702,"Klamath CDP, California",25.7
1600000US0638772,638772,"Knightsen CDP, California",6.3
1600000US0638800,638800,"Knights Landing CDP, California",11.1
1600000US0639003,639003,"La Cañada Flintridge city, California",2.2
1600000US0639045,639045,"La Crescenta-Montrose CDP, California",6.1
1600000US0639094,639094,"Ladera CDP, California",0
1600000US0639108,639108,"Ladera Heights CDP, California",1.5
1600000US0639114,639114,"Ladera Ranch CDP, California",2.2
1600000US0639122,639122,"Lafayette city, California",1.4
1600000US0639178,639178,"Laguna Beach city, California",2.8
1600000US0639220,639220,"Laguna Hills city, California",4.8
1600000US0639248,639248,"Laguna Niguel city, California",5.4
1600000US0639259,639259,"Laguna Woods city, California",6.8
1600000US0639283,639283,"Lagunitas-Forest Knolls CDP, California",0
1600000US0639290,639290,"La Habra city, California",10.4
1600000US0639304,639304,"La Habra Heights city, California",0
1600000US0639318,639318,"La Honda CDP, California",0
1600000US0639411,639411,"Lake Almanor Country Club CDP, California",0
1600000US0639420,639420,"Lake Almanor Peninsula CDP, California",0
1600000US0639425,639425,"Lake Almanor West CDP, California",0
1600000US0639444,639444,"Lake Arrowhead CDP, California",12.3
1600000US0639460,639460,"Lake California CDP, California",4.5
1600000US0639472,639472,"Lake City CDP, California",43.8
1600000US0639483,639483,"Lake Davis CDP, California",0
1600000US0639484,639484,"Lake Don Pedro CDP, California",2.8
1600000US0639486,639486,"Lake Elsinore city, California",13.3
1600000US0639496,639496,"Lake Forest city, California",4.9
1600000US0639514,639514,"Lakehead CDP, California",21.2
1600000US0639556,639556,"Lake Hughes CDP, California",24.6
1600000US0639570,639570,"Lake Isabella CDP, California",25
1600000US0639598,639598,"Lakeland Village CDP, California",17.6
1600000US0639612,639612,"Lake Los Angeles CDP, California",26
1600000US0639645,639645,"Lake Mathews CDP, California",9.3
1600000US0639670,639670,"Lake Nacimiento CDP, California",3.8
1600000US0639690,639690,"Lake of the Pines CDP, California",1
1600000US0639696,639696,"Lake of the Woods CDP, California",0
1600000US0639710,639710,"Lakeport city, California",14.5
1600000US0639715,639715,"Lake Riverside CDP, California",18.3
1600000US0639724,639724,"Lake San Marcos CDP, California",8.9
1600000US0639735,639735,"Lake Sherwood CDP, California",0
1600000US0639766,639766,"Lakeside CDP, California",9.2
1600000US0639836,639836,"Lakeview CDP, California",35.2
1600000US0639885,639885,"Lake Wildwood CDP, California",0.8
1600000US0639892,639892,"Lakewood city, California",4.7
1600000US0640004,640004,"La Mesa city, California",8.6
1600000US0640032,640032,"La Mirada city, California",4.7
1600000US0640088,640088,"Lamont CDP, California",32.3
1600000US0640116,640116,"Lanare CDP, California",20.8
1600000US0640130,640130,"Lancaster city, California",19.3
1600000US0640256,640256,"La Palma city, California",5.7
1600000US0640312,640312,"La Porte CDP, California",-
1600000US0640326,640326,"La Presa CDP, California",9.4
1600000US0640340,640340,"La Puente city, California",16.3
1600000US0640354,640354,"La Quinta city, California",7.4
1600000US0640410,640410,"La Riviera CDP, California",10.4
1600000US0640426,640426,"Larkfield-Wikiup CDP, California",5.2
1600000US0640438,640438,"Larkspur city, California",2.7
1600000US0640508,640508,"La Selva Beach CDP, California",5.3
1600000US0640526,640526,"Las Flores CDP (Orange County), California",1.7
1600000US0640536,640536,"Las Flores CDP (Tehama County), California",14.3
1600000US0640592,640592,"Las Lomas CDP, California",11.6
1600000US0640704,640704,"Lathrop city, California",10.9
1600000US0640746,640746,"Laton CDP, California",38.8
1600000US0640830,640830,"La Verne city, California",4.8
1600000US0640872,640872,"La Vina CDP, California",85.5
1600000US0640886,640886,"Lawndale city, California",12.5
1600000US0640928,640928,"Laytonville CDP, California",39.3
1600000US0640956,640956,"Lebec CDP, California",12.1
1600000US0640998,640998,"Lee Vining CDP, California",0
1600000US0641026,641026,"Leggett CDP, California",26.7
1600000US0641040,641040,"Le Grand CDP, California",23.7
1600000US0641110,641110,"Lemon Cove CDP, California",0
1600000US0641124,641124,"Lemon Grove city, California",9.9
1600000US0641142,641142,"Lemon Hill CDP, California",31.4
1600000US0641152,641152,"Lemoore city, California",11.1
1600000US0641166,641166,"Lemoore Station CDP, California",9.5
1600000US0641180,641180,"Lennox CDP, California",25.1
1600000US0641194,641194,"Lenwood CDP, California",33.1
1600000US0641208,641208,"Leona Valley CDP, California",2.2
1600000US0641278,641278,"Lewiston CDP, California",14.8
1600000US0641282,641282,"Lexington Hills CDP, California",0
1600000US0641390,641390,"Likely CDP, California",-
1600000US0641474,641474,"Lincoln city, California",4.8
1600000US0641558,641558,"Lincoln Village CDP, California",3.5
1600000US0641572,641572,"Linda CDP, California",25.4
1600000US0641656,641656,"Lindcove CDP, California",22.1
1600000US0641670,641670,"Linden CDP, California",5.6
1600000US0641712,641712,"Lindsay city, California",32.7
1600000US0641740,641740,"Linnell Camp CDP, California",61.8
1600000US0641782,641782,"Litchfield CDP, California",15.6
1600000US0641789,641789,"Little Grass Valley CDP, California",-
1600000US0641866,641866,"Little River CDP, California",0
1600000US0641880,641880,"Littlerock CDP, California",24.7
1600000US0641908,641908,"Little Valley CDP, California",-
1600000US0641922,641922,"Live Oak CDP, California",7.3
1600000US0641936,641936,"Live Oak city, California",18.8
1600000US0641992,641992,"Livermore city, California",3
1600000US0642006,642006,"Livingston city, California",17.7
1600000US0642104,642104,"Lockeford CDP, California",15.8
1600000US0642146,642146,"Lockwood CDP, California",24
1600000US0642202,642202,"Lodi city, California",12.8
1600000US0642230,642230,"Lodoga CDP, California",0
1600000US0642328,642328,"Loleta CDP, California",13.2
1600000US0642370,642370,"Loma Linda city, California",12.9
1600000US0642384,642384,"Loma Mar CDP, California",51.1
1600000US0642412,642412,"Loma Rica CDP, California",10.3
1600000US0642468,642468,"Lomita city, California",6.3
1600000US0642510,642510,"Lompico CDP, California",0
1600000US0642524,642524,"Lompoc city, California",16.9
1600000US0642566,642566,"London CDP, California",43.7
1600000US0642580,642580,"Lone Pine CDP, California",16.9
1600000US0642622,642622,"Long Barn CDP, California",0
1600000US0643000,643000,"Long Beach city, California",14.6
1600000US0643126,643126,"Lookout CDP, California",0
1600000US0643140,643140,"Loomis town, California",4.2
1600000US0643224,643224,"Los Alamitos city, California",7.6
1600000US0643252,643252,"Los Alamos CDP, California",12.2
1600000US0643280,643280,"Los Altos city, California",2.5
1600000US0643294,643294,"Los Altos Hills town, California",1.6
1600000US0644000,644000,"Los Angeles city, California",16.1
1600000US0644028,644028,"Los Banos city, California",18.5
1600000US0644042,644042,"Los Berros CDP, California",0
1600000US0644112,644112,"Los Gatos town, California",2.8
1600000US0644140,644140,"Los Molinos CDP, California",16.6
1600000US0644168,644168,"Los Olivos CDP, California",0
1600000US0644182,644182,"Los Osos CDP, California",7.5
1600000US0644242,644242,"Los Ranchos CDP, California",0
1600000US0644280,644280,"Lost Hills CDP, California",24.7
1600000US0644350,644350,"Lower Lake CDP, California",6.4
1600000US0644364,644364,"Loyalton city, California",11.3
1600000US0644378,644378,"Loyola CDP, California",1.5
1600000US0644399,644399,"Lucas Valley-Marinwood CDP, California",2.4
1600000US0644406,644406,"Lucerne CDP, California",23.6
1600000US0644420,644420,"Lucerne Valley CDP, California",28.9
1600000US0644574,644574,"Lynwood city, California",21
1600000US0644644,644644,"Lytle Creek CDP, California",8.7
1600000US0644672,644672,"Mabie CDP, California",0
1600000US0644700,644700,"McArthur CDP, California",20.1
1600000US0644760,644760,"McClellan Park CDP, California",41.1
1600000US0644770,644770,"McClenney Tract CDP, California",-
1600000US0644784,644784,"McCloud CDP, California",11
1600000US0644812,644812,"Macdoel CDP, California",38.7
1600000US0644826,644826,"McFarland city, California",32.8
1600000US0644830,644830,"McGee Creek CDP, California",-
1600000US0644910,644910,"McKinleyville CDP, California",7.9
1600000US0644924,644924,"McKittrick CDP, California",12.5
1600000US0645006,645006,"McSwain CDP, California",4
1600000US0645022,645022,"Madera city, California",24.6
1600000US0645050,645050,"Madera Acres CDP, California",13.2
1600000US0645064,645064,"Madison CDP, California",0
1600000US0645092,645092,"Mad River CDP, California",38.9
1600000US0645120,645120,"Magalia CDP, California",10
1600000US0645232,645232,"Malaga CDP, California",31.8
1600000US0645246,645246,"Malibu city, California",5.6
1600000US0645358,645358,"Mammoth Lakes town, California",1.7
1600000US0645386,645386,"Manchester CDP, California",0
1600000US0645400,645400,"Manhattan Beach city, California",2.3
1600000US0645414,645414,"Manila CDP, California",9.8
1600000US0645484,645484,"Manteca city, California",9
1600000US0645512,645512,"Manton CDP, California",34.8
1600000US0645680,645680,"March ARB CDP, California",0
1600000US0645736,645736,"Maricopa city, California",23.1
1600000US0645778,645778,"Marina city, California",9.6
1600000US0645806,645806,"Marina del Rey CDP, California",8.9
1600000US0645820,645820,"Marin City CDP, California",19.2
1600000US0645932,645932,"Mariposa CDP, California",14.6
1600000US0645988,645988,"Markleeville CDP, California",0
1600000US0646100,646100,"Martell CDP, California",0
1600000US0646114,646114,"Martinez city, California",3.6
1600000US0646170,646170,"Marysville city, California",25.1
1600000US0646223,646223,"Matheny CDP, California",23.3
1600000US0646226,646226,"Mather CDP, California",10.6
1600000US0646338,646338,"Maxwell CDP, California",0
1600000US0646400,646400,"Mayfair CDP, California",27.4
1600000US0646436,646436,"Mayflower Village CDP, California",6.1
1600000US0646492,646492,"Maywood city, California",25.4
1600000US0646520,646520,"Meadowbrook CDP, California",8
1600000US0646618,646618,"Meadow Valley CDP, California",0
1600000US0646632,646632,"Meadow Vista CDP, California",7.1
1600000US0646646,646646,"Mead Valley CDP, California",27.5
1600000US0646660,646660,"Mecca CDP, California",43.7
1600000US0646702,646702,"Meiners Oaks CDP, California",14.2
1600000US0646814,646814,"Mendocino CDP, California",0
1600000US0646828,646828,"Mendota city, California",44.3
1600000US0646842,646842,"Menifee city, California",7.8
1600000US0646870,646870,"Menlo Park city, California",4.6
1600000US0646884,646884,"Mentone CDP, California",5.5
1600000US0646898,646898,"Merced city, California",26
1600000US0646926,646926,"Meridian CDP, California",7.9
1600000US0647013,647013,"Mesa CDP, California",0
1600000US0647066,647066,"Mesa Verde CDP, California",24.5
1600000US0647086,647086,"Mesa Vista CDP, California",7
1600000US0647164,647164,"Mettler CDP, California",11.5
1600000US0647192,647192,"Mexican Colony CDP, California",68.5
1600000US0647332,647332,"Middletown CDP, California",30.5
1600000US0647374,647374,"Midpines CDP, California",6.1
1600000US0647430,647430,"Midway City CDP, California",19.4
1600000US0647472,647472,"Milford CDP, California",0
1600000US0647486,647486,"Millbrae city, California",3.3
1600000US0647710,647710,"Mill Valley city, California",2.2
1600000US0647724,647724,"Millville CDP, California",13.1
1600000US0647766,647766,"Milpitas city, California",5.9
1600000US0647794,647794,"Mineral CDP, California",2.7
1600000US0647822,647822,"Minkler CDP, California",0
1600000US0648046,648046,"Mira Monte CDP, California",6.1
1600000US0648060,648060,"Miranda CDP, California",16.8
1600000US0648147,648147,"Mission Canyon CDP, California",0.8
1600000US0648186,648186,"Mission Hills CDP, California",4
1600000US0648256,648256,"Mission Viejo city, California",3
1600000US0648298,648298,"Mi-Wuk Village CDP, California",0
1600000US0648354,648354,"Modesto city, California",13.3
1600000US0648448,648448,"Mohawk Vista CDP, California",44.4
1600000US0648452,648452,"Mojave CDP, California",25.9
1600000US0648480,648480,"Mokelumne Hill CDP, California",22.8
1600000US0648592,648592,"Monmouth CDP, California",0
1600000US0648602,648602,"Mono City CDP, California",0
1600000US0648641,648641,"Mono Vista CDP, California",6.2
1600000US0648648,648648,"Monrovia city, California",6.6
1600000US0648676,648676,"Monson CDP, California",33.9
1600000US0648690,648690,"Montague city, California",11.6
1600000US0648718,648718,"Montalvin Manor CDP, California",14.2
1600000US0648760,648760,"Montara CDP, California",0
1600000US0648788,648788,"Montclair city, California",13.6
1600000US0648816,648816,"Montebello city, California",10.8
1600000US0648844,648844,"Montecito CDP, California",6.3
1600000US0648872,648872,"Monterey city, California",3.8
1600000US0648914,648914,"Monterey Park city, California",12.1
1600000US0648916,648916,"Monterey Park Tract CDP, California",64.7
1600000US0648928,648928,"Monte Rio CDP, California",7.5
1600000US0648956,648956,"Monte Sereno city, California",3.1
1600000US0648998,648998,"Montgomery Creek CDP, California",0
1600000US0649045,649045,"Monument Hills CDP, California",0
1600000US0649138,649138,"Moorpark city, California",3.5
1600000US0649180,649180,"Morada CDP, California",1.9
1600000US0649187,649187,"Moraga town, California",1.8
1600000US0649270,649270,"Moreno Valley city, California",13.8
1600000US0649278,649278,"Morgan Hill city, California",5.3
1600000US0649348,649348,"Morongo Valley CDP, California",9.2
1600000US0649362,649362,"Morro Bay city, California",4.8
1600000US0649432,649432,"Moskowite Corner CDP, California",0
1600000US0649446,649446,"Moss Beach CDP, California",3.8
1600000US0649488,649488,"Moss Landing CDP, California",0
1600000US0649544,649544,"Mountain Center CDP, California",0
1600000US0649558,649558,"Mountain Gate CDP, California",5.6
1600000US0649582,649582,"Mountain House CDP, California",7.9
1600000US0649600,649600,"Mountain Mesa CDP, California",26.6
1600000US0649628,649628,"Mountain Ranch CDP, California",3.4
1600000US0649651,649651,"Mountain View CDP, California",15.8
1600000US0649670,649670,"Mountain View city, California",4
1600000US0649684,649684,"Mountain View Acres CDP, California",15.8
1600000US0649768,649768,"Mount Hebron CDP, California",0
1600000US0649796,649796,"Mount Hermon CDP, California",4.8
1600000US0649810,649810,"Mount Laguna CDP, California",-
1600000US0649852,649852,"Mount Shasta city, California",30.8
1600000US0649950,649950,"Muir Beach CDP, California",0
1600000US0650034,650034,"Murphys CDP, California",4.2
1600000US0650076,650076,"Murrieta city, California",7.3
1600000US0650132,650132,"Muscoy CDP, California",33.9
1600000US0650146,650146,"Myers Flat CDP, California",-
1600000US0650188,650188,"Myrtletown CDP, California",4.6
1600000US0650258,650258,"Napa city, California",5.1
1600000US0650398,650398,"National City city, California",20.1
1600000US0650734,650734,"Needles city, California",19.5
1600000US0650874,650874,"Nevada City city, California",15.6
1600000US0650916,650916,"Newark city, California",4.1
1600000US0651000,651000,"Newcastle CDP, California",4.5
1600000US0651028,651028,"New Cuyama CDP, California",10.3
1600000US0651042,651042,"Newell CDP, California",6.3
1600000US0651140,651140,"Newman city, California",11.7
1600000US0651168,651168,"New Pine Creek CDP, California",0
1600000US0651182,651182,"Newport Beach city, California",3.9
1600000US0651280,651280,"Nicasio CDP, California",9.7
1600000US0651294,651294,"Nice CDP, California",14.6
1600000US0651336,651336,"Nicolaus CDP, California",5.8
1600000US0651392,651392,"Niland CDP, California",39.7
1600000US0651470,651470,"Nipinnawasee CDP, California",35.7
1600000US0651476,651476,"Nipomo CDP, California",6.7
1600000US0651560,651560,"Norco city, California",3.5
1600000US0651574,651574,"Nord CDP, California",0
1600000US0651622,651622,"Norris Canyon CDP, California",0
1600000US0651637,651637,"North Auburn CDP, California",8.6
1600000US0651812,651812,"North Edwards CDP, California",18.8
1600000US0651820,651820,"North El Monte CDP, California",8
1600000US0651840,651840,"North Fair Oaks CDP, California",14.4
1600000US0651890,651890,"North Gate CDP, California",8.3
1600000US0651924,651924,"North Highlands CDP, California",23.3
1600000US0651990,651990,"North Lakeport CDP, California",14.7
1600000US0652162,652162,"North Richmond CDP, California",29.5
1600000US0652246,652246,"North San Juan CDP, California",20.3
1600000US0652302,652302,"North Shore CDP, California",27
1600000US0652379,652379,"North Tustin CDP, California",1.9
1600000US0652526,652526,"Norwalk city, California",10.2
1600000US0652582,652582,"Novato city, California",5.5
1600000US0652610,652610,"Nubieber CDP, California",0
1600000US0652624,652624,"Nuevo CDP, California",15.4
1600000US0652694,652694,"Oakdale city, California",11.9
1600000US0652715,652715,"Oak Glen CDP, California",0
1600000US0652760,652760,"Oak Hills CDP, California",6.3
1600000US0652764,652764,"Oakhurst CDP, California",25.4
1600000US0653000,653000,"Oakland city, California",14.5
1600000US0653070,653070,"Oakley city, California",5
1600000US0653116,653116,"Oak Park CDP, California",2.9
1600000US0653160,653160,"Oak Shores CDP, California",0
1600000US0653182,653182,"Oak View CDP, California",3.1
1600000US0653196,653196,"Oakville CDP, California",0
1600000US0653224,653224,"Oasis CDP, California",37.4
1600000US0653266,653266,"Occidental CDP, California",3.1
1600000US0653294,653294,"Oceano CDP, California",17.7
1600000US0653322,653322,"Oceanside city, California",9.5
1600000US0653378,653378,"Ocotillo CDP, California",46.7
1600000US0653448,653448,"Oildale CDP, California",24.3
1600000US0653476,653476,"Ojai city, California",4.2
1600000US0653490,653490,"Olancha CDP, California",0
1600000US0653505,653505,"Old Fig Garden CDP, California",9.3
1600000US0653602,653602,"Old Station CDP, California",0
1600000US0653714,653714,"Olivehurst CDP, California",11.1
1600000US0653896,653896,"Ontario city, California",13.6
1600000US0653910,653910,"Onyx CDP, California",68.6
1600000US0653980,653980,"Orange city, California",8.2
1600000US0654008,654008,"Orange Cove city, California",44.2
1600000US0654092,654092,"Orangevale CDP, California",5
1600000US0654120,654120,"Orcutt CDP, California",4.1
1600000US0654218,654218,"Orick CDP, California",24.4
1600000US0654232,654232,"Orinda city, California",1.8
1600000US0654274,654274,"Orland city, California",21.9
1600000US0654372,654372,"Orosi CDP, California",24.3
1600000US0654386,654386,"Oroville city, California",19.8
1600000US0654388,654388,"Oroville East CDP, California",8
1600000US0654652,654652,"Oxnard city, California",12.6
1600000US0654764,654764,"Pacheco CDP, California",5
1600000US0654806,654806,"Pacifica city, California",2.3
1600000US0654848,654848,"Pacific Grove city, California",3
1600000US0655044,655044,"Pajaro CDP, California",15
1600000US0655048,655048,"Pajaro Dunes CDP, California",0
1600000US0655058,655058,"Pala CDP, California",20.5
1600000US0655086,655086,"Palermo CDP, California",18.8
1600000US0655156,655156,"Palmdale city, California",16
1600000US0655184,655184,"Palm Desert city, California",8.6
1600000US0655254,655254,"Palm Springs city, California",13.4
1600000US0655282,655282,"Palo Alto city, California",5.2
1600000US0655296,655296,"Palo Cedro CDP, California",6
1600000US0655380,655380,"Palos Verdes Estates city, California",3.9
1600000US0655422,655422,"Palo Verde CDP, California",-
1600000US0655506,655506,"Panorama Heights CDP, California",0
1600000US0655520,655520,"Paradise town, California",6.9
1600000US0655528,655528,"Paradise CDP, California",0
1600000US0655604,655604,"Paradise Park CDP, California",0
1600000US0655618,655618,"Paramount city, California",18.2
1600000US0655728,655728,"Parklawn CDP, California",16.7
1600000US0655751,655751,"Parksdale CDP, California",36.5
1600000US0655800,655800,"Parkway CDP, California",26.7
1600000US0655842,655842,"Parkwood CDP, California",26.6
1600000US0655856,655856,"Parlier city, California",39.2
1600000US0656000,656000,"Pasadena city, California",9.5
1600000US0656028,656028,"Pasatiempo CDP, California",0
1600000US0656042,656042,"Paskenta CDP, California",0
1600000US0656112,656112,"Patterson city, California",13.8
1600000US0656120,656120,"Patterson Tract CDP, California",31.9
1600000US0656140,656140,"Patton Village CDP, California",17.6
1600000US0656182,656182,"Paxton CDP, California",-
1600000US0656196,656196,"Paynes Creek CDP, California",0
1600000US0656294,656294,"Pearsonville CDP, California",0
1600000US0656476,656476,"Penngrove CDP, California",6.5
1600000US0656518,656518,"Penn Valley CDP, California",28.7
1600000US0656546,656546,"Penryn CDP, California",14.3
1600000US0656700,656700,"Perris city, California",18.6
1600000US0656756,656756,"Pescadero CDP, California",24.9
1600000US0656784,656784,"Petaluma city, California",5.7
1600000US0656798,656798,"Peters CDP, California",0
1600000US0656826,656826,"Phelan CDP, California",11.1
1600000US0656854,656854,"Phillipsville CDP, California",0
1600000US0656868,656868,"Philo CDP, California",25
1600000US0656870,656870,"Phoenix Lake CDP, California",5.1
1600000US0656924,656924,"Pico Rivera city, California",8.5
1600000US0656938,656938,"Piedmont city, California",2.6
1600000US0657011,657011,"Pierpoint CDP, California",-
1600000US0657036,657036,"Pike CDP, California",0
1600000US0657070,657070,"Pine Canyon CDP, California",5.7
1600000US0657134,657134,"Pine Flat CDP, California",40
1600000US0657148,657148,"Pine Grove CDP, California",4.4
1600000US0657204,657204,"Pine Hills CDP, California",14
1600000US0657240,657240,"Pine Mountain Club CDP, California",4.2
1600000US0657244,657244,"Pine Mountain Lake CDP, California",10.1
1600000US0657260,657260,"Pine Valley CDP, California",4.6
1600000US0657288,657288,"Pinole city, California",3.1
1600000US0657302,657302,"Piñon Hills CDP, California",12.5
1600000US0657330,657330,"Pioneer CDP, California",0
1600000US0657372,657372,"Piru CDP, California",11.2
1600000US0657414,657414,"Pismo Beach city, California",2.2
1600000US0657456,657456,"Pittsburg city, California",10.3
1600000US0657512,657512,"Pixley CDP, California",36.4
1600000US0657526,657526,"Placentia city, California",5.7
1600000US0657540,657540,"Placerville city, California",13.1
1600000US0657568,657568,"Plainview CDP, California",56.7
1600000US0657582,657582,"Planada CDP, California",21.6
1600000US0657764,657764,"Pleasant Hill city, California",4
1600000US0657792,657792,"Pleasanton city, California",3.1
1600000US0657825,657825,"Pleasure Point CDP, California",4.2
1600000US0657828,657828,"Plumas Eureka CDP, California",7.8
1600000US0657829,657829,"Plumas Lake CDP, California",4.4
1600000US0657834,657834,"Plymouth city, California",9.1
1600000US0657876,657876,"Point Arena city, California",8.8
1600000US0657960,657960,"Point Reyes Station CDP, California",15.3
1600000US0658030,658030,"Pollock Pines CDP, California",20
1600000US0658072,658072,"Pomona city, California",16.2
1600000US0658134,658134,"Ponderosa CDP, California",-
1600000US0658191,658191,"Poplar-Cotton Center CDP, California",50.2
1600000US0658226,658226,"Port Costa CDP, California",0
1600000US0658240,658240,"Porterville city, California",26.3
1600000US0658296,658296,"Port Hueneme city, California",8.7
1600000US0658352,658352,"Portola city, California",24.4
1600000US0658380,658380,"Portola Valley town, California",0
1600000US0658422,658422,"Posey CDP, California",0
1600000US0658436,658436,"Poso Park CDP, California",0
1600000US0658478,658478,"Potrero CDP, California",13.5
1600000US0658506,658506,"Potter Valley CDP, California",10
1600000US0658520,658520,"Poway city, California",4.6
1600000US0658618,658618,"Prattville CDP, California",0
1600000US0658758,658758,"Princeton CDP, California",0
1600000US0658814,658814,"Proberta CDP, California",0
1600000US0658870,658870,"Prunedale CDP, California",6.8
1600000US0659052,659052,"Quartz Hill CDP, California",15.9
1600000US0659080,659080,"Quincy CDP, California",17.6
1600000US0659115,659115,"Rackerby CDP, California",8.3
1600000US0659220,659220,"Rail Road Flat CDP, California",0
1600000US0659248,659248,"Rainbow CDP, California",9
1600000US0659290,659290,"Raisin City CDP, California",50
1600000US0659346,659346,"Ramona CDP, California",5.3
1600000US0659426,659426,"Rancho Calaveras CDP, California",2.5
1600000US0659444,659444,"Rancho Cordova city, California",11.1
1600000US0659451,659451,"Rancho Cucamonga city, California",6.7
1600000US0659500,659500,"Rancho Mirage city, California",6.2
1600000US0659506,659506,"Rancho Murieta CDP, California",6.7
1600000US0659514,659514,"Rancho Palos Verdes city, California",3
1600000US0659550,659550,"Rancho San Diego CDP, California",7.7
1600000US0659584,659584,"Rancho Santa Fe CDP, California",9
1600000US0659587,659587,"Rancho Santa Margarita city, California",4.1
1600000US0659604,659604,"Rancho Tehama Reserve CDP, California",33.8
1600000US0659668,659668,"Randsburg CDP, California",0
1600000US0659892,659892,"Red Bluff city, California",15.2
1600000US0659896,659896,"Red Corral CDP, California",11.1
1600000US0659906,659906,"Redcrest CDP, California",0
1600000US0659920,659920,"Redding city, California",11.5
1600000US0659962,659962,"Redlands city, California",9.6
1600000US0660018,660018,"Redondo Beach city, California",2.7
1600000US0660088,660088,"Redway CDP, California",0
1600000US0660102,660102,"Redwood City city, California",5.9
1600000US0660214,660214,"Redwood Valley CDP, California",0
1600000US0660242,660242,"Reedley city, California",21.5
1600000US0660279,660279,"Reliez Valley CDP, California",0
1600000US0660466,660466,"Rialto city, California",15.7
1600000US0660592,660592,"Richfield CDP, California",9
1600000US0660606,660606,"Richgrove CDP, California",50.2
1600000US0660620,660620,"Richmond city, California",12.6
1600000US0660662,660662,"Richvale CDP, California",0
1600000US0660704,660704,"Ridgecrest city, California",12
1600000US0660706,660706,"Ridgemark CDP, California",0.4
1600000US0660900,660900,"Rio Dell city, California",2.9
1600000US0660928,660928,"Rio del Mar CDP, California",2.7
1600000US0660942,660942,"Rio Linda CDP, California",11.5
1600000US0660970,660970,"Rio Oso CDP, California",0
1600000US0660984,660984,"Rio Vista city, California",7
1600000US0661012,661012,"Ripley CDP, California",9.2
1600000US0661026,661026,"Ripon city, California",7.8
1600000US0661068,661068,"Riverbank city, California",8.3
1600000US0661096,661096,"Riverdale CDP, California",27.7
1600000US0661106,661106,"Riverdale Park CDP, California",23.6
1600000US0661124,661124,"River Pines CDP, California",0
1600000US0662000,662000,"Riverside city, California",11.7
1600000US0662168,662168,"Robbins CDP, California",18
1600000US0662200,662200,"Robinson Mill CDP, California",-
1600000US0662364,662364,"Rocklin city, California",5.4
1600000US0662490,662490,"Rodeo CDP, California",12.8
1600000US0662496,662496,"Rodriguez Camp CDP, California",100
1600000US0662546,662546,"Rohnert Park city, California",6.5
1600000US0662602,662602,"Rolling Hills city, California",1
1600000US0662625,662625,"Rolling Hills CDP, California",0
1600000US0662644,662644,"Rolling Hills Estates city, California",3.2
1600000US0662700,662700,"Rollingwood CDP, California",21.5
1600000US0662756,662756,"Romoland CDP, California",16.3
1600000US0662826,662826,"Rosamond CDP, California",15.3
1600000US0662854,662854,"Rosedale CDP, California",4.7
1600000US0662860,662860,"Rose Hills CDP, California",8.8
1600000US0662868,662868,"Roseland CDP, California",6.2
1600000US0662896,662896,"Rosemead city, California",15.5
1600000US0662910,662910,"Rosemont CDP, California",13
1600000US0662938,662938,"Roseville city, California",6.5
1600000US0662980,662980,"Ross town, California",4
1600000US0663050,663050,"Rossmoor CDP, California",2.5
1600000US0663106,663106,"Rough and Ready CDP, California",25
1600000US0663134,663134,"Round Mountain CDP, California",10
1600000US0663148,663148,"Round Valley CDP, California",0
1600000US0663168,663168,"Rouse CDP, California",36.3
1600000US0663218,663218,"Rowland Heights CDP, California",10.1
1600000US0663316,663316,"Running Springs CDP, California",15.6
1600000US0663386,663386,"Ruth CDP, California",50
1600000US0663400,663400,"Rutherford CDP, California",0
1600000US0664000,664000,"Sacramento city, California",15.3
1600000US0664140,664140,"St. Helena city, California",10.4
1600000US0664210,664210,"Salida CDP, California",6.8
1600000US0664224,664224,"Salinas city, California",14.8
1600000US0664252,664252,"Salmon Creek CDP, California",0
1600000US0664294,664294,"Salton City CDP, California",22.9
1600000US0664308,664308,"Salton Sea Beach CDP, California",52.1
1600000US0664392,664392,"Samoa CDP, California",27.8
1600000US0664420,664420,"San Andreas CDP, California",15.6
1600000US0664434,664434,"San Anselmo town, California",1.3
1600000US0664462,664462,"San Antonio Heights CDP, California",1.6
1600000US0664476,664476,"San Ardo CDP, California",29
1600000US0665000,665000,"San Bernardino city, California",26.3
1600000US0665028,665028,"San Bruno city, California",2.8
1600000US0665042,665042,"San Buenaventura (Ventura) city, California",7
1600000US0665070,665070,"San Carlos city, California",1.3
1600000US0665084,665084,"San Clemente city, California",3.5
1600000US0665112,665112,"Sand City city, California",9.2
1600000US0666000,666000,"San Diego city, California",9.9
1600000US0666004,666004,"San Diego Country Estates CDP, California",2
1600000US0666070,666070,"San Dimas city, California",4.8
1600000US0666140,666140,"San Fernando city, California",15.1
1600000US0667000,667000,"San Francisco city, California",6.4
1600000US0667042,667042,"San Gabriel city, California",11.6
1600000US0667056,667056,"Sanger city, California",24.8
1600000US0667070,667070,"San Geronimo CDP, California",0
1600000US0667112,667112,"San Jacinto city, California",14
1600000US0667126,667126,"San Joaquin city, California",47.6
1600000US0668000,668000,"San Jose city, California",6.8
1600000US0668014,668014,"San Juan Bautista city, California",3
1600000US0668028,668028,"San Juan Capistrano city, California",7
1600000US0668084,668084,"San Leandro city, California",8.1
1600000US0668112,668112,"San Lorenzo CDP, California",5.3
1600000US0668140,668140,"San Lucas CDP, California",15.6
1600000US0668154,668154,"San Luis Obispo city, California",6.9
1600000US0668196,668196,"San Marcos city, California",8.1
1600000US0668224,668224,"San Marino city, California",5.6
1600000US0668238,668238,"San Martin CDP, California",2.8
1600000US0668252,668252,"San Mateo city, California",4.4
1600000US0668263,668263,"San Miguel CDP (Contra Costa County), California",0
1600000US0668266,668266,"San Miguel CDP (San Luis Obispo County), California",16.8
1600000US0668294,668294,"San Pablo city, California",17.6
1600000US0668308,668308,"San Pasqual CDP, California",4.5
1600000US0668364,668364,"San Rafael city, California",8.1
1600000US0668378,668378,"San Ramon city, California",3.5
1600000US0668434,668434,"San Simeon CDP, California",17.2
1600000US0669000,669000,"Santa Ana city, California",17.1
1600000US0669070,669070,"Santa Barbara city, California",7.9
1600000US0669084,669084,"Santa Clara city, California",3.7
1600000US0669088,669088,"Santa Clarita city, California",5.9
1600000US0669112,669112,"Santa Cruz city, California",11.1
1600000US0669154,669154,"Santa Fe Springs city, California",12.1
1600000US0669182,669182,"Santa Margarita CDP, California",0
1600000US0669196,669196,"Santa Maria city, California",16
1600000US0670000,670000,"Santa Monica city, California",4.7
1600000US0670028,670028,"Santa Nella CDP, California",33.1
1600000US0670042,670042,"Santa Paula city, California",14.9
1600000US0670098,670098,"Santa Rosa city, California",8
1600000US0670130,670130,"Santa Rosa Valley CDP, California",4.5
1600000US0670140,670140,"Santa Susana CDP, California",0
1600000US0670154,670154,"Santa Venetia CDP, California",3.6
1600000US0670182,670182,"Santa Ynez CDP, California",5.9
1600000US0670224,670224,"Santee city, California",5.2
1600000US0670266,670266,"Saranap CDP, California",0
1600000US0670280,670280,"Saratoga city, California",3
1600000US0670322,670322,"Saticoy CDP, California",9.1
1600000US0670336,670336,"Sattley CDP, California",-
1600000US0670364,670364,"Sausalito city, California",3.1
1600000US0670518,670518,"Scotia CDP, California",17.3
1600000US0670588,670588,"Scotts Valley city, California",1.4
1600000US0670644,670644,"Seacliff CDP, California",8.5
1600000US0670686,670686,"Seal Beach city, California",3.7
1600000US0670712,670712,"Sea Ranch CDP, California",0
1600000US0670728,670728,"Searles Valley CDP, California",28.5
1600000US0670742,670742,"Seaside city, California",10.2
1600000US0670770,670770,"Sebastopol city, California",10.2
1600000US0670798,670798,"Seeley CDP, California",51.8
1600000US0670882,670882,"Selma city, California",20.2
1600000US0670966,670966,"Sequoia Crest CDP, California",-
1600000US0671000,671000,"Sereno del Mar CDP, California",0
1600000US0671078,671078,"Seville CDP, California",47.3
1600000US0671106,671106,"Shafter city, California",22.5
1600000US0671134,671134,"Shandon CDP, California",7.1
1600000US0671218,671218,"Shasta CDP, California",1
1600000US0671225,671225,"Shasta Lake city, California",12.4
1600000US0671246,671246,"Shaver Lake CDP, California",0
1600000US0671362,671362,"Shell Ridge CDP, California",0
1600000US0671372,671372,"Shelter Cove CDP, California",0
1600000US0671414,671414,"Sheridan CDP, California",11.9
1600000US0671554,671554,"Shingle Springs CDP, California",3.5
1600000US0671568,671568,"Shingletown CDP, California",10.3
1600000US0671680,671680,"Shoshone CDP, California",-
1600000US0671774,671774,"Sierra Brooks CDP, California",0
1600000US0671778,671778,"Sierra City CDP, California",0
1600000US0671806,671806,"Sierra Madre city, California",3.6
1600000US0671834,671834,"Sierra Village CDP, California",0
1600000US0671848,671848,"Sierraville CDP, California",0
1600000US0671876,671876,"Signal Hill city, California",9.5
1600000US0671927,671927,"Silverado Resort CDP, California",2.9
1600000US0671932,671932,"Silver City CDP, California",-
1600000US0671964,671964,"Silver Lakes CDP, California",8.7
1600000US0672016,672016,"Simi Valley city, California",4.2
1600000US0672086,672086,"Sisquoc CDP, California",6.1
1600000US0672156,672156,"Sky Valley CDP, California",15.3
1600000US0672184,672184,"Sleepy Hollow CDP, California",0
1600000US0672282,672282,"Smartsville CDP, California",0
1600000US0672338,672338,"Smith Corner CDP, California",11.2
1600000US0672380,672380,"Smith River CDP, California",0
1600000US0672408,672408,"Snelling CDP, California",0
1600000US0672478,672478,"Soda Bay CDP, California",11.4
1600000US0672492,672492,"Soda Springs CDP, California",0
1600000US0672506,672506,"Solana Beach city, California",3
1600000US0672520,672520,"Soledad city, California",9.8
1600000US0672576,672576,"Solvang city, California",15.5
1600000US0672646,672646,"Sonoma city, California",6.5
1600000US0672674,672674,"Sonora city, California",18.9
1600000US0672688,672688,"Soquel CDP, California",13.8
1600000US0672772,672772,"Soulsbyville CDP, California",8.1
1600000US0672954,672954,"South Dos Palos CDP, California",6.9
1600000US0672996,672996,"South El Monte city, California",15.7
1600000US0673080,673080,"South Gate city, California",17.8
1600000US0673108,673108,"South Lake Tahoe city, California",10.7
1600000US0673167,673167,"South Monrovia Island CDP, California",10.7
1600000US0673178,673178,"South Oroville CDP, California",30.9
1600000US0673220,673220,"South Pasadena city, California",6.2
1600000US0673262,673262,"South San Francisco city, California",4.2
1600000US0673276,673276,"South San Gabriel CDP, California",11.6
1600000US0673290,673290,"South San Jose Hills CDP, California",14.2
1600000US0673388,673388,"South Taft CDP, California",9.8
1600000US0673430,673430,"South Whittier CDP, California",10.4
1600000US0673554,673554,"Spaulding CDP, California",0
1600000US0673612,673612,"Spreckels CDP, California",0
1600000US0673654,673654,"Spring Garden CDP, California",-
1600000US0673690,673690,"Spring Valley CDP (Lake County), California",19.1
1600000US0673696,673696,"Spring Valley CDP (San Diego County), California",8.6
1600000US0673700,673700,"Spring Valley Lake CDP, California",5.4
1600000US0673710,673710,"Springville CDP, California",38.4
1600000US0673794,673794,"Squaw Valley CDP, California",4.7
1600000US0673815,673815,"Squirrel Mountain Valley CDP, California",4.1
1600000US0673868,673868,"Stallion Springs CDP, California",10.9
1600000US0673906,673906,"Stanford CDP, California",2.8
1600000US0673962,673962,"Stanton city, California",15.9
1600000US0674130,674130,"Stevenson Ranch CDP, California",4.2
1600000US0674144,674144,"Stevinson CDP, California",18.1
1600000US0674172,674172,"Stinson Beach CDP, California",0
1600000US0674186,674186,"Stirling City CDP, California",33.3
1600000US0675000,675000,"Stockton city, California",18.6
1600000US0675154,675154,"Stonyford CDP, California",39.2
1600000US0675168,675168,"Storrie CDP, California",-
1600000US0675252,675252,"Stratford CDP, California",42.9
1600000US0675280,675280,"Strathmore CDP, California",53.3
1600000US0675315,675315,"Strawberry CDP (Marin County), California",5.1
1600000US0675322,675322,"Strawberry CDP (Tuolumne County), California",-
1600000US0675588,675588,"Sugarloaf Mountain Park CDP, California",-
1600000US0675592,675592,"Sugarloaf Saw Mill CDP, California",-
1600000US0675596,675596,"Sugarloaf Village CDP, California",0
1600000US0675630,675630,"Suisun City city, California",7.4
1600000US0675672,675672,"Sultana CDP, California",51.4
1600000US0675714,675714,"Summerland CDP, California",0
1600000US0675994,675994,"Sunnyside CDP, California",9.5
1600000US0676015,676015,"Sunnyside-Tahoe City CDP, California",6.5
1600000US0676040,676040,"Sunny Slopes CDP, California",0
1600000US0677000,677000,"Sunnyvale city, California",4.3
1600000US0677042,677042,"Sunol CDP, California",3.4
1600000US0677308,677308,"Sun Village CDP, California",20.1
1600000US0677364,677364,"Susanville city, California",16.8
1600000US0677378,677378,"Sutter CDP, California",0.7
1600000US0677392,677392,"Sutter Creek city, California",13.2
1600000US0677430,677430,"Swall Meadows CDP, California",19.7
1600000US0677574,677574,"Taft city, California",20.4
1600000US0677588,677588,"Taft Heights CDP, California",27.7
1600000US0677595,677595,"Taft Mosswood CDP, California",12.4
1600000US0677700,677700,"Tahoe Vista CDP, California",7.9
1600000US0677728,677728,"Tahoma CDP, California",6.3
1600000US0677784,677784,"Talmage CDP, California",2.9
1600000US0677805,677805,"Tamalpais-Homestead Valley CDP, California",1.1
1600000US0677924,677924,"Tara Hills CDP, California",6.9
1600000US0677960,677960,"Tarpey Village CDP, California",18
1600000US0678008,678008,"Taylorsville CDP, California",0
1600000US0678050,678050,"Tecopa CDP, California",29.4
1600000US0678092,678092,"Tehachapi city, California",17
1600000US0678106,678106,"Tehama city, California",14.4
1600000US0678120,678120,"Temecula city, California",5.8
1600000US0678126,678126,"Temelec CDP, California",0
1600000US0678138,678138,"Temescal Valley CDP, California",4.8
1600000US0678148,678148,"Temple City city, California",9.8
1600000US0678162,678162,"Templeton CDP, California",3.4
1600000US0678176,678176,"Tennant CDP, California",12.5
1600000US0678232,678232,"Terminous CDP, California",2.7
1600000US0678288,678288,"Terra Bella CDP, California",37.9
1600000US0678336,678336,"Teviston CDP, California",50.5
1600000US0678456,678456,"Thermal CDP, California",28.6
1600000US0678470,678470,"Thermalito CDP, California",16.6
1600000US0678568,678568,"Thornton CDP, California",19.7
1600000US0678582,678582,"Thousand Oaks city, California",3.8
1600000US0678596,678596,"Thousand Palms CDP, California",10.1
1600000US0678638,678638,"Three Rivers CDP, California",6.5
1600000US0678652,678652,"Three Rocks CDP, California",22.5
1600000US0678666,678666,"Tiburon town, California",1.5
1600000US0678715,678715,"Timber Cove CDP, California",0
1600000US0678750,678750,"Tipton CDP, California",35.3
1600000US0678792,678792,"Tobin CDP, California",-
1600000US0678890,678890,"Tomales CDP, California",0
1600000US0678932,678932,"Tonyville CDP, California",27.3
1600000US0678949,678949,"Tooleville CDP, California",35.1
1600000US0678960,678960,"Topanga CDP, California",3.1
1600000US0679030,679030,"Topaz CDP, California",100
1600000US0679529,679529,"Toro Canyon CDP, California",4.4
1600000US0680000,680000,"Torrance city, California",5.4
1600000US0680238,680238,"Tracy city, California",6.7
1600000US0680266,680266,"Tranquillity CDP, California",26.9
1600000US0680280,680280,"Traver CDP, California",39.9
1600000US0680364,680364,"Tres Pinos CDP, California",0
1600000US0680448,680448,"Trinidad city, California",0
1600000US0680476,680476,"Trinity Center CDP, California",11.1
1600000US0680483,680483,"Trinity Village CDP, California",20
1600000US0680515,680515,"Trona CDP, California",0
1600000US0680560,680560,"Trowbridge CDP, California",6.2
1600000US0680588,680588,"Truckee town, California",3.6
1600000US0680644,680644,"Tulare city, California",18.1
1600000US0680686,680686,"Tulelake city, California",26.5
1600000US0680763,680763,"Tuolumne City CDP, California",21.2
1600000US0680784,680784,"Tupman CDP, California",21.9
1600000US0680812,680812,"Turlock city, California",12.7
1600000US0680854,680854,"Tustin city, California",9.1
1600000US0680882,680882,"Tuttle CDP, California",0
1600000US0680896,680896,"Tuttletown CDP, California",3.9
1600000US0680952,680952,"Twain CDP, California",-
1600000US0680966,680966,"Twain Harte CDP, California",0
1600000US0680994,680994,"Twentynine Palms city, California",16.9
1600000US0681050,681050,"Twin Lakes CDP, California",18.4
1600000US0681134,681134,"Ukiah city, California",17
1600000US0681204,681204,"Union City city, California",4.5
1600000US0681302,681302,"University of California-Davis CDP, California",47.1
1600000US0681312,681312,"University of California-Merced CDP, California",-
1600000US0681344,681344,"Upland city, California",9.3
1600000US0681358,681358,"Upper Lake CDP, California",13.5
1600000US0681554,681554,"Vacaville city, California",6.6
1600000US0681638,681638,"Valinda CDP, California",8.9
1600000US0681652,681652,"Vallecito CDP, California",0
1600000US0681666,681666,"Vallejo city, California",11.7
1600000US0681708,681708,"Valle Vista CDP, California",13.9
1600000US0681722,681722,"Valley Acres CDP, California",6.9
1600000US0681736,681736,"Valley Center CDP, California",9.9
1600000US0681778,681778,"Valley Ford CDP, California",100
1600000US0681792,681792,"Valley Home CDP, California",0
1600000US0681869,681869,"Valley Ranch CDP, California",0
1600000US0681890,681890,"Valley Springs CDP, California",15.2
1600000US0681925,681925,"Valley Wells CDP, California",-
1600000US0681967,681967,"Val Verde CDP, California",4.9
1600000US0682072,682072,"Vandenberg AFB CDP, California",3.7
1600000US0682086,682086,"Vandenberg Village CDP, California",3.9
1600000US0682334,682334,"Verdi CDP, California",0
1600000US0682422,682422,"Vernon city, California",0
1600000US0682562,682562,"Victor CDP, California",0
1600000US0682590,682590,"Victorville city, California",20.6
1600000US0682667,682667,"View Park-Windsor Hills CDP, California",8.9
1600000US0682744,682744,"Villa Park city, California",2.4
1600000US0682786,682786,"Vina CDP, California",0
1600000US0682815,682815,"Vincent CDP, California",3.8
1600000US0682842,682842,"Vine Hill CDP, California",7.8
1600000US0682852,682852,"Vineyard CDP, California",7.9
1600000US0682954,682954,"Visalia city, California",16.6
1600000US0682996,682996,"Vista city, California",10.3
1600000US0683085,683085,"Vista Santa Rosa CDP, California",15.5
1600000US0683094,683094,"Volcano CDP, California",0
1600000US0683108,683108,"Volta CDP, California",0
1600000US0683262,683262,"Walker CDP, California",5
1600000US0683304,683304,"Wallace CDP, California",0
1600000US0683332,683332,"Walnut city, California",5.8
1600000US0683346,683346,"Walnut Creek city, California",4.2
1600000US0683374,683374,"Walnut Grove CDP, California",4
1600000US0683402,683402,"Walnut Park CDP, California",17.3
1600000US0683460,683460,"Warm Springs CDP, California",20.2
1600000US0683494,683494,"Warner Valley CDP, California",-
1600000US0683542,683542,"Wasco city, California",26.1
1600000US0683570,683570,"Washington CDP, California",0
1600000US0683612,683612,"Waterford city, California",22.1
1600000US0683626,683626,"Waterloo CDP, California",6
1600000US0683668,683668,"Watsonville city, California",12.5
1600000US0683724,683724,"Waukena CDP, California",7.9
1600000US0683766,683766,"Wawona CDP, California",0
1600000US0683794,683794,"Weaverville CDP, California",12.1
1600000US0683850,683850,"Weed city, California",12.5
1600000US0683863,683863,"Weedpatch CDP, California",48.6
1600000US0683948,683948,"Weldon CDP, California",19.6
1600000US0684004,684004,"Weott CDP, California",0
1600000US0684116,684116,"West Athens CDP, California",17
1600000US0684120,684120,"West Bishop CDP, California",1.4
1600000US0684144,684144,"West Carson CDP, California",6.1
1600000US0684200,684200,"West Covina city, California",6.6
1600000US0684345,684345,"West Goshen CDP, California",82.8
1600000US0684385,684385,"Westhaven-Moonstone CDP, California",0
1600000US0684410,684410,"West Hollywood city, California",3.1
1600000US0684438,684438,"Westlake Village city, California",4.6
1600000US0684480,684480,"Westley CDP, California",27
1600000US0684536,684536,"West Menlo Park CDP, California",1.1
1600000US0684550,684550,"Westminster city, California",14.9
1600000US0684578,684578,"West Modesto CDP, California",26.3
1600000US0684592,684592,"Westmont CDP, California",30.4
1600000US0684606,684606,"Westmorland city, California",32.3
1600000US0684680,684680,"West Park CDP, California",10.8
1600000US0684732,684732,"West Point CDP, California",24.8
1600000US0684774,684774,"West Puente Valley CDP, California",7.4
1600000US0684780,684780,"West Rancho Dominguez CDP, California",18.8
1600000US0684816,684816,"West Sacramento city, California",13.3
1600000US0684863,684863,"Westside CDP, California",28.3
1600000US0684921,684921,"West Whittier-Los Nietos CDP, California",7.7
1600000US0684928,684928,"Westwood CDP, California",7.3
1600000US0685012,685012,"Wheatland city, California",5.9
1600000US0685086,685086,"Whitehawk CDP, California",0
1600000US0685208,685208,"Whitewater CDP, California",32.5
1600000US0685222,685222,"Whitley Gardens CDP, California",0
1600000US0685292,685292,"Whittier city, California",8.9
1600000US0685446,685446,"Wildomar city, California",9.3
1600000US0685551,685551,"Wilkerson CDP, California",0
1600000US0685586,685586,"Williams city, California",11.6
1600000US0685600,685600,"Willits city, California",20.7
1600000US0685614,685614,"Willowbrook CDP, California",24.5
1600000US0685642,685642,"Willow Creek CDP, California",19.2
1600000US0685684,685684,"Willows city, California",13.4
1600000US0685866,685866,"Wilsonia CDP, California",-
1600000US0685880,685880,"Wilton CDP, California",6.3
1600000US0685894,685894,"Winchester CDP, California",13.2
1600000US0685922,685922,"Windsor town, California",1.6
1600000US0685992,685992,"Winter Gardens CDP, California",6.8
1600000US0686020,686020,"Winterhaven CDP, California",42.6
1600000US0686034,686034,"Winters city, California",5.9
1600000US0686076,686076,"Winton CDP, California",21.9
1600000US0686174,686174,"Wofford Heights CDP, California",0
1600000US0686216,686216,"Woodacre CDP, California",2.6
1600000US0686230,686230,"Woodbridge CDP, California",3.2
1600000US0686244,686244,"Woodcrest CDP, California",6.6
1600000US0686300,686300,"Woodlake city, California",34
1600000US0686328,686328,"Woodland city, California",10.1
1600000US0686380,686380,"Woodlands CDP, California",0
1600000US0686440,686440,"Woodside town, California",2.1
1600000US0686482,686482,"Woodville CDP, California",45.4
1600000US0686594,686594,"Wrightwood CDP, California",10.7
1600000US0686678,686678,"Yankee Hill CDP, California",30.8
1600000US0686734,686734,"Yettem CDP, California",62.3
1600000US0686804,686804,"Yolo CDP, California",8.4
1600000US0686832,686832,"Yorba Linda city, California",2.7
1600000US0686878,686878,"Yosemite Lakes CDP, California",12.1
1600000US0686912,686912,"Yosemite Valley CDP, California",0
1600000US0686930,686930,"Yountville city, California",0.9
1600000US0686944,686944,"Yreka city, California",22.8
1600000US0686972,686972,"Yuba City city, California",15
1600000US0687042,687042,"Yucaipa city, California",9.9
1600000US0687056,687056,"Yucca Valley town, California",16.7
1600000US0687090,687090,"Zayante CDP, California",0
